{
  "method": "overlap_ablation",
  "description": "Ablation of QRHead \u2229 Wu24 overlap heads vs each method alone",
  "model_key": "base",
  "model_name": "meta-llama/Meta-Llama-3-8B",
  "question": "employee_count",
  "question_prompt": "How many employees does the company have?",
  "total_tokens": 4096,
  "test_samples": 36,
  "n_overlap": 8,
  "overlap_jaccard": 0.087,
  "timestamp": "2026-02-11T01:06:08.840983",
  "baseline": {
    "accuracy": 0.6388888888888888,
    "correct": 23,
    "total": 36
  },
  "conditions": {
    "overlap": {
      "num_heads": 8,
      "heads_str": [
        "L19H3",
        "L20H14",
        "L15H3",
        "L22H13",
        "L16H1",
        "L17H24",
        "L16H27",
        "L16H0"
      ],
      "accuracy": 0.6666666666666666,
      "accuracy_drop": -0.02777777777777779,
      "correct": 24,
      "total": 36
    },
    "wu24_top_n": {
      "num_heads": 8,
      "heads_str": [
        "L6H22",
        "L17H26",
        "L14H13",
        "L5H22",
        "L16H1",
        "L22H13",
        "L15H30",
        "L16H23"
      ],
      "accuracy": 0.6666666666666666,
      "accuracy_drop": -0.02777777777777779,
      "correct": 24,
      "total": 36
    },
    "qrhead_top_n": {
      "num_heads": 8,
      "heads_str": [
        "L14H2",
        "L14H31",
        "L14H30",
        "L9H1",
        "L16H5",
        "L14H15",
        "L15H3",
        "L17H2"
      ],
      "accuracy": 0.6666666666666666,
      "accuracy_drop": -0.02777777777777779,
      "correct": 24,
      "total": 36
    }
  }
}