{
  "method": "overlap_ablation",
  "description": "Ablation of QRHead \u2229 Wu24 overlap heads vs each method alone",
  "model_key": "instruct",
  "model_name": "meta-llama/Meta-Llama-3-8B-Instruct",
  "question": "hq_state",
  "question_prompt": "What state is the company headquarters located in?",
  "total_tokens": 2048,
  "test_samples": 26,
  "n_overlap": 8,
  "overlap_jaccard": 0.087,
  "timestamp": "2026-02-11T00:57:43.754108",
  "baseline": {
    "accuracy": 0.7307692307692307,
    "correct": 19,
    "total": 26
  },
  "conditions": {
    "overlap": {
      "num_heads": 8,
      "heads_str": [
        "L22H14",
        "L16H1",
        "L20H14",
        "L22H13",
        "L26H15",
        "L15H3",
        "L13H18",
        "L17H23"
      ],
      "accuracy": 0.6538461538461539,
      "accuracy_drop": 0.07692307692307687,
      "correct": 17,
      "total": 26
    },
    "wu24_top_n": {
      "num_heads": 8,
      "heads_str": [
        "L15H30",
        "L16H1",
        "L24H27",
        "L15H1",
        "L16H20",
        "L20H14",
        "L8H1",
        "L19H12"
      ],
      "accuracy": 0.6923076923076923,
      "accuracy_drop": 0.038461538461538436,
      "correct": 18,
      "total": 26
    },
    "qrhead_top_n": {
      "num_heads": 8,
      "heads_str": [
        "L16H1",
        "L13H18",
        "L14H31",
        "L10H31",
        "L14H30",
        "L8H8",
        "L13H5",
        "L13H17"
      ],
      "accuracy": 0.7692307692307693,
      "accuracy_drop": -0.03846153846153855,
      "correct": 20,
      "total": 26
    }
  }
}